Key,Summary,Type,Priority,Story Points,Assignee,Status,Sprint,Description
CHAT-100,Create MVP chat platform foundation,Epic,High,13,Solution Architect,To Do,Sprint 1,Establish the core architecture and delivery scope for the MVP.
CHAT-101,Document business requirements and acceptance criteria,Story,High,3,BA,Done,Sprint 1,Write user stories for chat rooms, direct messages, and file sharing.
CHAT-102,Design architecture and API contracts,Story,High,5,Solution Architect,Done,Sprint 1,Define service boundaries, data flow, and integration points.
CHAT-103,Implement authentication and user profiles,Story,High,5,Developer,Done,Sprint 1,Support registration, login, and profile access for users.
CHAT-104,Implement chat room creation and messaging,Story,High,8,Developer,Done,Sprint 1,Allow users to create rooms, join rooms, and send messages.
CHAT-105,Implement one-to-one direct messaging,Story,High,5,Developer,Done,Sprint 1,Allow users to start private conversations and exchange messages.
CHAT-106,Implement file upload and download flow,Story,High,8,Developer,To Do,Sprint 1,Allow users to share files and retrieve them from chat history.
CHAT-107,Implement real-time message delivery,Story,High,8,Developer,Done,Sprint 1,Deliver messages instantly via the real-time messaging layer.
CHAT-108,Create deployment pipeline and environments,Story,High,5,DevOps,To Do,Sprint 1,Set up CI/CD, staging environments, and base deployment automation.
CHAT-109,Define QA strategy and smoke tests,Story,Medium,3,QA,In Progress,Sprint 1,Prepare test cases for messaging, rooms, DMs, and file sharing.
CHAT-110,Create performance test plan and metrics,Story,Medium,3,Performance Team,To Do,Sprint 1,Define target latencies, load scenarios, and monitoring metrics.
CHAT-111,Sprint 1 planning and coordination,Task,Medium,2,Scrum Master,In Progress,Sprint 1,Organize sprint planning, standups, and backlog refinement.
CHAT-112,Track sprint status and stakeholder reporting,Task,Medium,2,Project Manager,In Progress,Sprint 1,Create milestone updates and manage delivery communication.
CHAT-113,Migrate messaging backbone from RabbitMQ to Kafka,Story,High,5,Solution Architect,Done,Sprint 1,Replace RabbitMQ with Kafka for the event backbone while preserving the EventPublisher abstraction, keeping PostgreSQL as the system of record, and updating chat-service, ws-gateway, local infra, and docs to the Kafka model.
CHAT-114,Fix Kafka topic-per-room and shared-consumer-group scaling gap (CHAT-24),Story,High,5,Solution Architect,To Do,Sprint 1,"Current Kafka implementation publishes per-room-per-event-type topics and uses a shared consumer group for all ws-gateway pods. This does not scale to CHAT-24's ~7,000 concurrent rooms (impractical topic/partition count) and breaks multi-pod ws-gateway delivery (consumer groups split partitions, not broadcast). Runtime bug (dispatch errors from unhandled payload types) has been fixed as a stopgap: no-op @KafkaHandler(isDefault=true) methods added to ReceiptEventListener (chat-service) and RoomEventBroadcastListener (ws-gateway) to suppress consumer-side errors on unknown event types. This stopgap stops errors but does not fix the underlying issue: listeners still wildcard-subscribe to all events and silently no-op on unhandled types. Actual scope: implement bounded per-event-type topic set with roomId/userId partition key, per-pod consumer identity, and narrower per-service topic patterns (no more shared wildcard subscriptions) as documented in docs/solution-architecture.md § 'Messaging backbone scaling'. Reference: CHAT-113."
CHAT-115,solution-architecture.md's Kafka event catalog section doesn't match real event/topic contracts,Bug,High,3,Solution Architect,To Do,Sprint 1,"The 'Kafka event catalog and examples' subsection under 'Chat Rooms & Messaging (CHAT-104 / FR-02)' documents an event envelope (eventId, eventType, aggregateType, aggregateId, version, payload wrapper) and example events (chattera.events.room-message-created without roomId suffix, room-message-delivered, room-message-read, room-member-joined, presence-updated, file-uploaded) that do not match implementation. Actual DomainEvent records are flat with only occurredAt() method, no envelope; actual topic names include roomId suffix (chattera.events.room-message-created.<roomId>) and receipts use chattera.events.receipt.delivered/read; events like room-member-joined, presence-updated, file-uploaded don't exist in codebase (file-service is scaffold only, presence is Redis key write not Kafka event). Section reads as current reality but is aspirational/incorrect throughout. Correct the section to match actual event/topic contracts and current implementation."
